Source File	Size	loadResources	load	generateSnapshots	load-configure	scan	loadDepInfo	loadInfo	checkR4R4B	generateNarratives	validate	loadLists	checkConformanceResources	checkConformanceResources2	checkConformanceResources3	generateLogicalMaps	validateExpressions	scanForUsageStats	checkURLsUnique	processProvenanceDetails	translate	generate1	generate2	generateLogicals	makeDependencies	generateExampleZip	generateValidationPack	scanProfilesForR5	scanExamplesForR5
/fsh-generated/resources/ImplementationGuide-ans.fhir.fr.ruim.json	6026	-	0	0	0	0	0	0	22	84	0	0	0	0	0	0	0	0	0	0	15	87	92	0	0	0	5	0	2
fsh-generated/resources/CodeSystem-competence-code-system.json	6318	15	0	0	1	0	0	0	2	27	0	0	0	0	0	0	0	1	0	0	10	41	650	0	0	0	1	0	1
fsh-generated/resources/CodeSystem-type-carte-code-system.json	1006	13	0	0	0	0	0	0	1	21	0	0	1	0	0	0	0	0	0	0	6	15	46	0	0	0	1	0	0
fsh-generated/resources/Patient-frpatient-exemple.json	451	13	0	0	0	0	0	0	0	258	0	0	0	0	0	0	0	0	0	0	4	10	15	0	0	1	0	0	0
fsh-generated/resources/StructureDefinition-EyeColor.json	1305	15	0	14	0	0	1	0	0	73	0	0	0	0	0	0	0	0	0	0	1	51	588	0	1	0	2	0	0
fsh-generated/resources/StructureDefinition-fr-patient.json	2344	16	0	92	0	0	0	0	0	47	0	0	1	0	0	0	0	2	0	0	1	175	665	0	0	0	13	0	2
fsh-generated/resources/ValueSet-EyeColorVS.json	667	12	0	0	0	0	0	0	1	3032	0	0	0	0	0	0	0	0	0	0	5	14	2442	0	0	0	1	0	0
fsh-generated/resources/ValueSet-MeltingPotVS.json	875	13	0	0	0	0	0	0	0	186	0	0	0	0	0	0	0	0	0	0	4	18	420	0	0	0	0	0	0
fsh-generated/resources/ValueSet-ModifiedAdministrativeGender.json	644	13	0	0	0	0	0	0	0	13	0	0	0	0	0	0	0	0	0	0	5	12	42	0	0	0	1	0	0
fsh-generated/resources/ValueSet-TypeCarteVS.json	413	12	0	0	1	0	0	0	0	13	0	0	0	0	0	0	0	0	0	0	5	11	37	0	0	0	0	0	0
/fsh-generated/includes/fsh-link-references.md	453	-	-	-	0	0	0	0	0	0	0	0	0	0	0	0	0	0	0	0	0	0	0	0	0	0	0	0	0
/fsh-generated/includes/menu.xml	2315	-	-	-	0	0	0	0	0	0	0	0	0	0	0	0	0	0	0	0	0	0	0	0	0	0	0	0	0
/input/data/features.yml	164	-	-	-	0	0	0	0	0	0	0	0	0	0	0	0	0	0	0	0	0	0	0	0	0	0	0	0	0
/input/pagecontent/st_flux1.md	119	-	-	-	0	0	0	0	0	0	0	0	0	0	0	0	0	0	0	0	0	0	0	0	0	0	0	0	0
/input/pagecontent/st_flux2.md	118	-	-	-	0	0	0	0	0	0	0	0	0	0	0	0	0	0	0	0	0	0	0	0	0	0	0	0	0
/input/pagecontent/specifications_techniques.md	0	-	-	-	0	0	0	0	0	0	0	0	0	0	0	0	0	0	0	0	0	0	1	0	0	0	0	0	0
/input/pagecontent/tests.md	1184	-	-	-	0	0	0	0	0	0	0	0	0	0	0	0	0	0	0	0	0	0	0	0	0	0	0	0	0
/input/pagecontent/sf1.md	119	-	-	-	0	0	0	0	0	0	0	0	0	0	0	0	0	0	0	0	0	0	0	0	0	0	0	0	0
/input/pagecontent/specifications_fonctionnelles.md	0	-	-	-	0	0	0	0	0	0	0	0	0	0	0	0	0	0	0	0	0	0	0	0	0	0	0	0	0
/input/pagecontent/securite.md	900	-	-	-	0	0	0	0	0	0	0	0	0	0	0	0	0	0	0	0	0	0	0	0	0	0	0	0	0
/input/pagecontent/construction_des_flux.md	205	-	-	-	0	0	0	0	0	0	0	0	0	0	0	0	0	0	0	0	0	0	0	0	0	0	0	0	0
/input/pagecontent/downloads.md	1727	-	-	-	0	0	0	0	0	0	0	0	0	0	0	0	0	0	0	0	0	0	1	0	0	0	0	0	0
/input/pagecontent/change-log.md	330	-	-	-	0	0	0	0	0	0	0	0	0	0	0	0	0	0	0	0	0	0	0	0	0	0	0	0	0
/input/pagecontent/index.md	2186	-	-	-	0	0	0	0	0	0	0	0	0	0	0	0	0	0	0	0	0	0	0	0	0	0	0	0	0
/input/pagecontent/autres_ressources.md	155	-	-	-	0	0	0	0	0	0	0	0	0	0	0	0	0	0	0	0	0	0	0	0	0	0	0	0	0
/template/config	0	-	-	-	0	0	0	0	0	0	0	0	0	0	0	0	0	0	0	0	0	0	0	0	0	0	0	0	0
/template/config/_config.yml	140	-	-	-	0	0	0	0	0	0	0	0	0	0	0	0	0	0	0	0	0	0	0	0	0	0	0	0	0
/input/images	0	-	-	-	0	0	0	0	0	0	0	0	0	0	0	0	0	0	0	0	0	0	0	0	0	0	0	0	0
/input/images/anImage.png	36288	-	-	-	0	0	0	0	0	0	0	0	0	0	0	0	0	0	0	0	0	0	0	0	0	0	0	0	0
/input/images/ci-sis-logo.png	61365	-	-	-	0	0	0	0	0	0	0	0	0	0	0	0	0	0	0	0	0	0	1	0	0	0	0	0	0
/temp/pages/_includes/artifacts.xml	5610	-	-	-	-	-	-	-	-	-	-	-	-	-	-	-	-	-	-	-	-	-	0	0	0	0	0	0	0
